,Affinity Order Accuracy,Highest-Affinity Atom Accuracy
GB,0.7894736842105263,0.9378238341968912
RF,0.742914979757085,0.9067357512953368
