,MAE,Pearson_r
GB,10.396457598498625,0.8972771603772175
RF,11.05187902251043,0.8956303506775538
