,MAE,Pearson_r
GB,10.313302146653951,0.8980057225851892
RF,10.920594496531999,0.8982881390412955
