,MAE,Pearson_r
GB,10.260472575098218,0.8629098053721902
RF,11.39601790471236,0.8416364734624047
