,MAE,Pearson_r
GB,9.522990816818613,0.8599270110753358
RF,10.026116769026487,0.8381173164176667
