,MAE,Pearson_r
GNN-DFT,9.888604376705265,0.9114900370178033
GNN-Exp,12.68225231797276,0.8053112562177132
