,MAE,Pearson_r
GNN-DFT,10.613443644560279,0.894810052627342
GNN-Exp,10.93280378490085,0.8432093344598448
