,MAE,Pearson_r
GNN-DFT,10.620289395981493,0.8936874417295466
GNN-Exp,12.207975502234026,0.791518349826856
