,Affinity Order Accuracy,Highest-Affinity Atom Accuracy
InSilico Dataset,0.8710201429499675,0.9354838709677419
Experimental Dataset,0.7935222672064778,0.9430051813471503
