,Affinity Order Accuracy,Highest-Affinity Atom Accuracy
InSilico Dataset,0.8840155945419104,0.9395161290322581
Experimental Dataset,0.7813765182186235,0.9533678756476683
