,Affinity Order Accuracy,Highest-Affinity Atom Accuracy
InSilico Dataset,0.8732943469785575,0.9243951612903226
Experimental Dataset,0.7854251012145749,0.927461139896373
